<Plugin>
<Name>DPGLUE</Name>
<Version>1.13</Version>
<PluginType>Native</PluginType>
<DisplayName>DPGLUE</DisplayName>
<SupportedOS>
<OS>
<OSName>windows</OSName>
<OSVersion>2008</OSVersion>
</OS>
<OS>
<OSName>windows</OSName>
<OSVersion>2012</OSVersion>
</OS>
<OS>
<OSName>windows</OSName>
<OSVersion>2016</OSVersion>
</OS>
</SupportedOS>
<ResourceTypes>
<ResourceType>
<ResourceName>DAS FS and EOS SNAP WIN</ResourceName>
</ResourceType>
</ResourceTypes>
<RequireFileSystemPlugin>no</RequireFileSystemPlugin>
</Plugin>